uid,facebook ts,reddit ts,twitter ts,facebook ctr,reddit ctr,twitter ctr,month
1,5.9003880362004875,36.94808986023833,17.110221483149523,0.6850368065981078,0.8147648890540714,0.09162017529027888,201601
2,46.66496131916467,3.356286352502491,4.936812125322209,0.3188893127569561,0.18287521021956377,0.013777844190038135,201601
3,26.10772493325273,46.2570737347323,40.75145083004274,0.41839548829991413,0.7686075985212008,0.5851533003500179,201601
4,1.8323458523246572,65.3485070704712,41.593734443036304,0.7732547568568632,0.9234771810188295,0.9752317246831668,201601
5,89.14466754237492,39.09949110571907,47.80280052413334,0.7887180725507303,0.2926770333488933,0.44563173180051796,201601
6,4.240692707889826,33.480351654926345,88.66316084658862,0.5979503594932202,0.7071842438173747,0.3373823402359486,201601
7,62.67403568898327,61.151697944323445,58.14638089761866,0.01623094312664264,0.3282465528709252,0.9873008138003503,201601
8,93.65889931022944,43.02242623170839,97.05122027016372,0.35289136411652844,0.41734763860480906,0.16096174723676848,201601
9,40.335586503496444,36.145855787874495,14.854917411739487,0.17960422061385406,0.5579301581212259,0.11548781574480715,201601
10,59.8684513443993,90.99344766538134,50.315191998843076,0.44163834056265117,0.93008365660543,0.10024822948145229,201601
11,61.70555813235185,93.35143072467318,82.91911966651757,0.058864419358490294,0.21863590177580805,0.8010872516559766,201601
12,51.24712686209105,18.022082225786395,47.45862697544943,0.32403102889033053,0.1661116272549017,0.2564740492042201,201601
13,91.48944865019143,56.063055962025885,33.40894228184417,0.12145083346281393,0.10716299959678854,0.5630226307872658,201601
14,16.22844501140258,43.64256912734514,33.858079400041305,0.5051373623793641,0.2176069645211678,0.8931234364342334,201601
15,80.37048802072103,27.417600385209717,69.26614724602086,0.8012132775977235,0.1976733115885585,0.9932453319466985,201601
16,55.767831069124,56.534447341061004,27.571553239919123,0.9120898781461528,0.6452475660350604,0.783634328152359,201601
17,30.19709815956344,25.42984174069318,41.37648120536955,0.49044374965008974,0.027845204921245315,0.22877982921962714,201601
18,54.360078994877185,25.96517300755259,48.067960091230525,0.43229561092730384,0.9338823899578803,0.2615028100296426,201601
19,77.27924947375462,34.158445402192584,78.66561135955824,0.5504089571398526,0.8095253443554351,0.7086000501057969,201601
20,0.10039738689467947,46.94979360074887,0.8891040246743143,0.7580288815345072,0.6398029011781079,0.2960716903404942,201601
21,33.02872095412115,69.92540509134683,5.579772372035197,0.6787538123403563,0.23984569624884367,0.5963448557749587,201601
22,44.51884229178275,70.01675636708175,99.77800843253323,0.05756398088927828,0.5434771987314263,0.8885113993819098,201601
23,67.6338895450414,66.1211150502471,38.775119498552066,0.4238487277107621,0.21154322975144324,0.17829265354287582,201601
24,16.210098362069292,64.60960238985987,77.91263155083172,0.22987107135459373,0.8605158714403203,0.6764783412092914,201601
